{
  "project_info": {
    "project_number": "27062691596",
    "project_id": "samo-database",
    "storage_bucket": "samo-database.appspot.com"
  },
  "client": [
    {
      "client_info": {
        "mobilesdk_app_id": "1:27062691596:android:2fa92b9b95cd5c83598b29",
        "android_client_info": {
          "package_name": "com.online.shamo"
        }
      },
      "oauth_client": [
        {
          "client_id": "27062691596-39t7klfnf94ask9i50sbr5cgunrtta99.apps.googleusercontent.com",
          "client_type": 3
        }
      ],
      "api_key": [
        {
          "current_key": "AIzaSyCMGlrve9lw7eEqGFYLV9cE6T8lrcikSME"
        }
      ],
      "services": {
        "appinvite_service": {
          "other_platform_oauth_client": [
            {
              "client_id": "27062691596-39t7klfnf94ask9i50sbr5cgunrtta99.apps.googleusercontent.com",
              "client_type": 3
            }
          ]
        }
      }
    }
  ],
  "configuration_version": "1"
}